Query,URL,Domain,Emails,Suggested_Pitch
"""architecture"" ""write for us""",https://en.wikipedia.org/wiki/Architecture,en.wikipedia.org,None Found,
"""architecture"" ""write for us""",https://www.architecturecourses.org/learn/introduction-architecture,www.architecturecourses.org,None Found,
"""architecture"" ""write for us""",https://www.archdaily.com/,www.archdaily.com,None Found,
"""architecture"" ""write for us""",https://ytu.edu.mm/architecture/,ytu.edu.mm,None Found,
"""architecture"" ""write for us""",https://www.kraftstudio-mm.com/,www.kraftstudio-mm.com,herekraftstudio.mm@gmail.comsendthanks,"Hi Team at www.kraftstudio-mm.com,

I was reading your recent posts and love the insight you share on construction and architecture. 

I’m reaching out from Bongshai Housing. We specialize in modern prefabricated and container housing in Bangladesh. I’d love to contribute a high-quality, non-promotional guest article to your blog. 

I have a few topics I think your audience would love:
1. The Environmental Benefits of Upcycling Shipping Containers into Homes
2. How Prefabricated Construction is Solving Rapid Urbanization Challenges

I can provide the full draft, complete with high-quality images. Let me know if this sounds like a good fit!

Best regards,
Bongshai Housing
https://bongshaihousing.com"
"""architecture"" ""write for us""",https://www.britannica.com/topic/architecture,www.britannica.com,None Found,
"""architecture"" ""write for us""",https://www.mac.org.mm/,www.mac.org.mm,None Found,
"""architecture"" ""write for us""",https://ytuedu.org/academics/faculty/architecture-and-planning/architecture,ytuedu.org,myanmar11013info.ytu-uc@proton.me,"Hi Team at ytuedu.org,

I was reading your recent posts and love the insight you share on construction and architecture. 

I’m reaching out from Bongshai Housing. We specialize in modern prefabricated and container housing in Bangladesh. I’d love to contribute a high-quality, non-promotional guest article to your blog. 

I have a few topics I think your audience would love:
1. The Environmental Benefits of Upcycling Shipping Containers into Homes
2. How Prefabricated Construction is Solving Rapid Urbanization Challenges

I can provide the full draft, complete with high-quality images. Let me know if this sounds like a good fit!

Best regards,
Bongshai Housing
https://bongshaihousing.com"
"""architecture"" ""write for us""",https://www.yangongui.de/,www.yangongui.de,None Found,
